Activity ID,Activity Date,Activity Name,Activity Type,Elapsed Time,Distance,Commute,Filename,Elapsed Time_1,Moving Time,Distance_2,Average Speed,Elevation Gain
75817532,19/08/2013 07:00,Morning Ride,Ride,1582,10.19,FALSE,activities/75817532.gpx,1582,1459,10194.8,,98.4
75894610,19/08/2013 15:15,Afternoon Ride,Ride,2145,10.11,FALSE,activities/75894610.gpx,2145,2130,10117.7,,158
76341695,21/08/2013 07:09,Morning Ride,Ride,1645,10.17,FALSE,activities/76341695.gpx,1645,1528,10169.9,,94.7
76450734,21/08/2013 17:03,Evening Ride Road ,Ride,2106,10.2,FALSE,activities/76450734.gpx,2106,1990,10207.9,,180.4
77851747,27/08/2013 07:14,Morning Ride,Ride,1516,10.27,FALSE,activities/77851747.gpx,1516,1472,10277.6,,135.9
77940063,27/08/2013 15:42,Afternoon Ride Holme Lane ,Ride,2857,10.79,FALSE,activities/77940063.gpx,2857,2786,10798,,269.6
95648639,17/11/2013 15:02,Afternoon Ride,Ride,3189,11.76,FALSE,activities/95648639.gpx,3189,3043,11765.9,,236.4
101666672,23/12/2013 08:43,Morning Ride,Ride,5853,7.69,FALSE,activities/101666672.gpx,5853,5578,7689.3,,322.5
102309617,27/12/2013 08:43,Morning Ride,Ride,3628,4.94,FALSE,activities/102309617.gpx,3628,3438,4940.1,,81.8
102621262,29/12/2013 10:55,Meltham Wessenden,Ride,8870,20.62,FALSE,activities/102621262.gpx,8870,7485,20625.1,,483.9
280051882,05/04/2015 10:22,Lunch Ride,Ride,2707,12.9,FALSE,activities/280051882.gpx,2707,2687,12902,,278.9
280927441,07/04/2015 15:19,Afternoon Ride,Ride,2236,10.45,FALSE,activities/280927441.gpx,2236,2194,10458.5,,170.9
285059233,14/04/2015 06:49,To work ,Ride,1982,10.61,FALSE,activities/285059233.gpx,1982,1606,10615.5,,100.6
285273032,14/04/2015 15:46,Work to Slaithwaite ,Ride,2123,8.73,FALSE,activities/285273032.gpx,2123,1992,8733.6,,119.2
285846656,15/04/2015 07:03,Work ,Ride,1606,10.65,FALSE,activities/285846656.gpx,1606,1521,10652.6,,83.8
285987517,15/04/2015 16:33,Home via White Hill ,Ride,2831,10.79,FALSE,activities/285987517.gpx,2831,2803,10793.7,,225.6
287001623,17/04/2015 07:37,Work ,Ride,1768,10.76,FALSE,activities/287001623.gpx,1768,1697,10760.4,,84.2
287166080,17/04/2015 15:01,Manchester Road and Holme Lane ,Ride,2705,11.32,FALSE,activities/287166080.gpx,2705,2679,11321.2,,304.6
297090890,03/05/2015 07:21,Slaithwaite ,Ride,4655,5.59,FALSE,activities/297090890.gpx,4655,4210,5590,,108.8
299051006,06/05/2015 05:49,Morning Walk ,Ride,4169,1.49,FALSE,activities/299051006.gpx,4169,4169,1495.4,,58
301122820,09/05/2015 15:08,Cote de scapegoat ,Ride,3433,15.62,FALSE,activities/301122820.gpx,3433,3404,15620.5,,352.9
312015762,26/05/2015 07:39,Work ,Ride,1800,8.1,FALSE,activities/312015762.gpx,1800,1387,8104.7,,79.2
312226673,26/05/2015 15:23,Slaithwaite ,Ride,1991,8.07,FALSE,activities/312226673.gpx,1991,1795,8074.8,,105
316595475,02/06/2015 07:29,Morning Ride,Ride,1462,8.06,FALSE,activities/316595475.gpx,1462,1287,8066.6,,57.5
316928209,02/06/2015 16:47,Afternoon Ride,Ride,2280,8.09,FALSE,activities/316928209.gpx,2280,2032,8093.7,,108.5
317226863,03/06/2015 07:19,Morning Ride,Ride,1443,8,FALSE,activities/317226863.gpx,1443,1264,8001,,70.5
317509768,03/06/2015 16:47,Afternoon Ride,Ride,2330,8.2,FALSE,activities/317509768.gpx,2330,1848,8200,,105.4
317950798,04/06/2015 07:46,Morning Ride,Ride,1715,8.81,FALSE,activities/317950798.gpx,1715,1512,8812.2,,100.2
318439110,04/06/2015 16:23,Afternoon Ride,Ride,2081,8.25,FALSE,activities/318439110.gpx,2081,2081,8255.9,,133.9
327135934,17/06/2015 07:20,Morning Ride,Ride,1856,8.07,FALSE,activities/327135934.gpx,1856,1453,8071,,69.4
327375671,17/06/2015 16:23,Afternoon Ride,Ride,2032,8.25,FALSE,activities/327375671.gpx,2032,1792,8255.8,,133.7
327801778,18/06/2015 07:20,Morning Ride,Ride,1295,8.06,FALSE,activities/327801778.gpx,1295,1266,8066.8,,70
328079015,18/06/2015 16:35,Afternoon Ride,Ride,2058,8.13,FALSE,activities/328079015.gpx,2058,2033,8129.5,,108.6
330507648,22/06/2015 07:50,Morning Ride,Ride,1517,8.11,FALSE,activities/330507648.gpx,1517,1517,8111.3,,73.3
330715704,22/06/2015 15:29,Afternoon Ride,Ride,2048,8.78,FALSE,activities/330715704.gpx,2048,1881,8779.8,,139
346414875,15/07/2015 07:35,Morning Ride,Ride,1460,8.05,FALSE,activities/346414875.gpx,1460,1352,8057.9,,81.9
346643452,15/07/2015 15:51,Afternoon Ride,Ride,2040,8.11,FALSE,activities/346643452.gpx,2040,1858,8116.3,,104.6
350250967,20/07/2015 16:54,Afternoon Ride,Ride,1786,8.29,FALSE,activities/350250967.gpx,1786,1662,8289.5,,130.4
356418965,29/07/2015 07:21,Morning Ride,Ride,1509,8.08,FALSE,activities/356418965.gpx,1509,1450,8085.6,,57.4
356684798,29/07/2015 16:30,Afternoon Ride,Ride,1745,8.25,FALSE,activities/356684798.gpx,1745,1620,8253.4,,131.5
357119877,30/07/2015 07:26,Morning Ride,Ride,1441,8.11,FALSE,activities/357119877.gpx,1441,1411,8110.1,,72.2
357415560,30/07/2015 16:50,Afternoon Ride,Ride,1901,8.29,FALSE,activities/357415560.gpx,1901,1648,8295.1,,130.4
360123440,03/08/2015 07:37,Morning Ride,Ride,1800,8.9,FALSE,activities/360123440.gpx,1800,1533,8906.5,,83.2
360367949,03/08/2015 15:48,Afternoon Ride,Ride,2101,8.21,FALSE,activities/360367949.gpx,2101,1848,8213.8,,104.2
365844778,10/08/2015 07:41,Morning Ride,Ride,1555,8.11,FALSE,activities/365844778.gpx,1555,1371,8111.4,,64
365844883,10/08/2015 15:40,Afternoon Ride,Ride,2391,9.08,FALSE,activities/365844883.gpx,2391,1979,9084.9,,137.4
370886003,17/08/2015 07:32,Morning Ride,Ride,1641,8.06,FALSE,activities/370886003.gpx,1641,1551,8061.8,,68.2
371148749,17/08/2015 15:59,Afternoon Ride,Ride,2438,8.39,FALSE,activities/371148749.gpx,2438,2394,8390,,107.1
376918087,25/08/2015 07:45,Morning Ride,Ride,1483,8.06,FALSE,activities/376918087.gpx,1483,1469,8068.3,,71.7
377196415,25/08/2015 16:22,Afternoon Ride,Ride,2094,9.06,FALSE,activities/377196415.gpx,2094,2001,9068.9,,138.1
478020689,25/01/2016 08:29,Morning cycle ,Ride,1837,8.07,FALSE,activities/478020689.gpx,1837,1837,8073.9,,74.1
478293354,25/01/2016 17:23,Afternoon Ride,Ride,2642,8.27,TRUE,activities/478293354.gpx,2642,2642,8276.3,,133.4
1080639673,09/02/2016 08:08,Morning Ride,Ride,2063,10.37,FALSE,activities/1184696464.fit.gz,2063,1772,10374.2,,41.6
1080639426,09/02/2016 17:34,Afternoon Ride,Ride,2560,10.37,FALSE,activities/1184696138.fit.gz,2560,2343,10370.7,,194.9
1080637857,19/02/2016 07:53,Morning Ride,Ride,2074,9.94,FALSE,activities/1184694649.fit.gz,2074,1850,9944.8,,40.7
1080637589,19/02/2016 15:34,Afternoon Ride,Ride,3413,12.08,FALSE,activities/1184694303.fit.gz,3413,3328,12087.6,,162.2
1080636459,22/02/2016 08:28,Morning Ride,Ride,2098,9.84,FALSE,activities/1184693277.fit.gz,2098,1903,9839.6,,31.7
1080636239,22/02/2016 18:15,Evening Ride,Ride,1951,7.65,FALSE,activities/1184693080.fit.gz,1951,1951,7653.9,,85.8
1080631996,07/03/2016 08:23,Morning Ride,Ride,2047,9.86,FALSE,activities/1184688685.fit.gz,2047,1956,9867.2,,23.7
1080631797,07/03/2016 13:57,Afternoon Ride,Ride,2764,10.45,FALSE,activities/1184688493.fit.gz,2764,2764,10457.2,,177.6
1080630371,14/03/2016 08:21,Morning Ride,Ride,2255,9.97,FALSE,activities/1184687113.fit.gz,2255,2178,9977.3,,43.6
517067434,14/03/2016 17:57,Work to home via Clough House ,Ride,3245,12.37,FALSE,activities/517067434.gpx,3245,3245,12371.7,,303.5
1080626365,30/03/2016 07:05,Morning Ride,Ride,2482,9.24,FALSE,activities/1184683194.fit.gz,2482,1859,9247.5,,0
1080626170,30/03/2016 17:06,Evening Ride,Ride,1766,7.43,FALSE,activities/1184683015.fit.gz,1766,1766,7431.6,,91.8
1080623066,08/04/2016 06:46,Morning Ride,Ride,2460,12.59,FALSE,activities/1184680032.fit.gz,2460,2428,12589.7,,64.4
1080622850,08/04/2016 15:35,Afternoon Ride,Ride,1857,7.4,FALSE,activities/1184679844.fit.gz,1857,1857,7399.8,,80.5
1080619575,21/04/2016 06:40,Morning Ride,Ride,2231,10.21,FALSE,activities/1184676564.fit.gz,2231,2038,10213.7,,0
1080619361,21/04/2016 16:16,Afternoon Ride,Ride,3153,9.43,FALSE,activities/1184676364.fit.gz,3153,2346,9434.6,,66.3
1080616088,04/05/2016 07:13,Morning Ride,Ride,1953,9.54,FALSE,activities/1184672950.fit.gz,1953,1953,9543.8,,5.1
1080615866,04/05/2016 16:47,Afternoon Ride,Ride,1255,4.3,FALSE,activities/1184672736.fit.gz,1255,962,4309,,5.2
1080615648,04/05/2016 17:08,Evening Ride,Ride,746,1.62,FALSE,activities/1184672549.fit.gz,746,105,1619.2,,0
1080612606,12/05/2016 07:18,Morning Ride,Ride,2152,9.72,FALSE,activities/1184669587.fit.gz,2152,1976,9722,,8.1
1080612363,12/05/2016 16:31,Afternoon Ride,Ride,2058,7.57,FALSE,activities/1184669358.fit.gz,2058,1684,7570.9,,46
1080611103,16/05/2016 07:18,Morning Ride,Ride,2330,9.64,FALSE,activities/1184668015.fit.gz,2330,1992,9647.5,,3.6
1080610893,16/05/2016 16:40,Afternoon Ride,Ride,2104,7.37,FALSE,activities/1184667817.fit.gz,2104,1037,7378.8,,25.3
1080608732,24/05/2016 07:28,Morning Ride,Ride,1701,7.45,FALSE,activities/1184665502.fit.gz,1701,1701,7451.8,,3.3
1080608480,24/05/2016 17:06,Evening Ride,Ride,2111,9.65,FALSE,activities/1184665292.fit.gz,2111,1713,9655.7,,84.3
1080607319,01/06/2016 10:36,Lunch Ride,Ride,1763,8.14,FALSE,activities/1184664095.fit.gz,1763,1701,8147.6,,4.4
1080607107,01/06/2016 16:24,Afternoon Ride,Ride,2489,10.46,FALSE,activities/1184663887.fit.gz,2489,2489,10461.2,,127.9
1080606490,03/06/2016 07:43,Morning Ride,Ride,1405,6.56,FALSE,activities/1184663242.fit.gz,1405,1341,6568.1,,0
1080606240,03/06/2016 13:20,Afternoon Ride,Ride,5313,13.5,FALSE,activities/1184663013.fit.gz,5313,3834,13505,,216.5
1080604866,08/06/2016 07:12,Morning Ride,Ride,2201,9.62,FALSE,activities/1184661619.fit.gz,2201,1962,9620.4,,2.8
1080604658,08/06/2016 17:03,Evening Ride,Ride,1756,7.04,FALSE,activities/1184661410.fit.gz,1756,1756,7047.4,,43
670919174,10/08/2016 07:18,Morning Ride,Ride,1828,10.73,TRUE,activities/670919174.gpx,1828,1818,10729.9,,91.9
678995097,17/08/2016 07:47,Morning Ride,Ride,2025,11.89,FALSE,activities/678995097.gpx,2025,1925,11891.3,,88.1
682193855,17/08/2016 15:31,Afternoon Ride,Ride,2757,12.32,TRUE,activities/682193855.gpx,2757,2665,12319.8,,149.5
755619678,25/10/2016 16:25,Afternoon Ride,Ride,1770,7.32,FALSE,activities/755619678.gpx,1770,1623,7327.1,,123.5
761346138,31/10/2016 08:32,Morning Ride,Ride,1662,7.71,FALSE,activities/761346138.gpx,1662,1440,7709.7,,84.9
761755877,31/10/2016 17:08,Afternoon Ride,Ride,1669,7.7,FALSE,activities/761755877.gpx,1669,1555,7708.2,,126.4
762297427,01/11/2016 08:29,Morning Ride,Ride,1882,7.61,FALSE,activities/762297427.gpx,1882,1694,7610.7,,83.2
762830235,01/11/2016 17:31,Afternoon Ride,Ride,1521,7.85,FALSE,activities/762830235.gpx,1521,1482,7855.9,,128
763418902,02/11/2016 08:26,Morning Ride,Ride,1384,7.52,FALSE,activities/763418902.gpx,1384,1333,7528.3,,81.7
764079023,02/11/2016 17:07,Afternoon Ride,Ride,1705,7.77,FALSE,activities/764079023.gpx,1705,1649,7769.6,,125.9
768512889,07/11/2016 08:27,Morning Ride,Ride,1925,10.19,FALSE,activities/768512889.gpx,1925,1859,10198.4,,48.7
768873780,07/11/2016 17:22,Afternoon Ride,Ride,2607,11.74,FALSE,activities/768873780.gpx,2607,2412,11745.9,,183.5
769413097,08/11/2016 08:23,Morning Ride,Ride,1740,9.57,FALSE,activities/769413097.gpx,1740,1691,9574.9,,87.5
769812623,08/11/2016 17:39,Afternoon Ride,Ride,2250,9.59,FALSE,activities/769812623.gpx,2250,2167,9591.8,,161
772032612,11/11/2016 07:48,Morning Ride,Ride,1520,7.55,FALSE,activities/772032612.gpx,1520,1442,7557.8,,84.5
772357026,11/11/2016 15:52,Afternoon Ride,Ride,1668,7.56,FALSE,activities/772357026.gpx,1668,1577,7567,,125.4
776911755,16/11/2016 08:38,Morning Ride,Ride,1595,7.57,FALSE,activities/776911755.gpx,1595,1448,7575.1,,83.9
777300056,16/11/2016 17:26,Afternoon Ride,Ride,1901,7.59,FALSE,activities/777300056.gpx,1901,1849,7591.9,,125.8
783209997,23/11/2016 08:30,Morning Ride,Ride,1659,7.28,FALSE,activities/783209997.gpx,1659,1539,7285.1,,78.9
783518265,23/11/2016 16:34,Afternoon Ride,Ride,1537,7.81,FALSE,activities/783518265.gpx,1537,1447,7813.9,,125.4
794863299,06/12/2016 08:27,Morning Ride,Ride,1386,6.92,FALSE,activities/794863299.gpx,1386,1243,6928.9,,79.8
795287653,06/12/2016 17:47,Afternoon Ride,Ride,1204,5.81,FALSE,activities/795287653.gpx,1204,1204,5818,,93.6
800276670,12/12/2016 08:35,Morning Ride,Ride,1486,7.29,FALSE,activities/800276670.gpx,1486,1432,7289.1,,80.7
800591379,12/12/2016 17:38,Afternoon Ride,Ride,1626,7.82,FALSE,activities/800591379.gpx,1626,1581,7824.8,,125.2
801059585,13/12/2016 08:24,Morning Ride,Ride,1513,7.34,FALSE,activities/801059585.gpx,1513,1413,7342,,80.5
859154084,08/02/2017 08:25,Morning Ride,Ride,1655,7.4,FALSE,activities/859154084.gpx,1655,1520,7400.8,,90.7
859651510,08/02/2017 18:13,Evening Ride,Ride,1674,7.46,FALSE,activities/859651510.gpx,1674,1603,7463,,136
900848376,15/03/2017 08:27,Morning Ride,Ride,3006,7.61,FALSE,activities/900848376.gpx,3006,1642,7616.4,,95.9
901433184,15/03/2017 17:58,Afternoon Ride,Ride,1513,7.27,TRUE,activities/901433184.gpx,1513,1426,7270.5,,130.8
916339545,27/03/2017 07:37,Morning Ride,Ride,1533,7.48,TRUE,activities/916339545.gpx,1533,1487,7479.6,,94.8
916822681,27/03/2017 16:19,Afternoon Ride,Ride,2165,9.46,TRUE,activities/916822681.gpx,2165,2017,9468.7,,93.8
927357396,04/04/2017 07:32,Morning Ride,Ride,1776,10.13,TRUE,activities/927357396.gpx,1776,1776,10134.2,,117.8
927994656,04/04/2017 16:36,Afternoon Ride,Ride,3097,11.65,TRUE,activities/927994656.gpx,3097,3067,11656.8,,239.9
928794204,05/04/2017 07:07,Morning Ride,Ride,1823,10.35,TRUE,activities/928794204.gpx,1823,1781,10352.2,,37.2
929425190,05/04/2017 16:50,Evening Ride,Ride,3000,10.3,TRUE,,3000,3000,10299.8,,
967171809,02/05/2017 07:29,Morning Ride,Ride,1477,7.56,TRUE,activities/967171809.gpx,1477,1447,7561.3,,41.6
967773750,02/05/2017 16:49,Afternoon Ride,Ride,1299,7.2,TRUE,activities/967773750.gpx,1299,1255,7207.2,,130.6
970245415,04/05/2017 07:09,Morning Ride,Ride,1904,10.15,TRUE,activities/970245415.gpx,1904,1832,10155,,38.8
980929384,11/05/2017 07:07,Morning Ride,Ride,1605,7.54,TRUE,activities/980929384.gpx,1605,1541,7541.1,,37
981567913,11/05/2017 16:48,Afternoon Ride,Ride,1486,7.46,TRUE,activities/981567913.gpx,1486,1458,7463,,75.6
987046192,15/05/2017 07:24,Morning Ride,Ride,1593,7.4,TRUE,activities/987046192.gpx,1593,1479,7403.9,,91.9
1015568962,01/06/2017 06:51,Morning Ride,Ride,1614,7.92,TRUE,activities/1015568962.gpx,1614,1438,7920.7,,114.6
1016189643,01/06/2017 16:24,Afternoon Ride,Ride,1798,7.33,TRUE,activities/1016189643.gpx,1798,1762,7329.5,,136.7
1034151636,13/06/2017 07:07,Morning Ride,Ride,1414,7.35,TRUE,activities/1034151636.gpx,1414,1403,7350.1,,102.5
1034826700,13/06/2017 17:00,Afternoon Ride,Ride,1776,8.05,TRUE,activities/1034826700.gpx,1776,1633,8058.1,,148.8
1037384936,15/06/2017 06:49,Morning Ride,Ride,1580,7.54,TRUE,activities/1037384936.gpx,1580,1404,7548.5,,47.4
1038033062,15/06/2017 16:03,Afternoon Ride,Ride,1747,7.37,TRUE,activities/1038033062.gpx,1747,1607,7376.3,,78
1043822639,19/06/2017 07:34,Morning Ride,Ride,1672,7.92,TRUE,activities/1043822639.gpx,1672,1592,7923,,46.6
1044403655,19/06/2017 16:45,Afternoon Ride,Ride,2074,8,TRUE,activities/1044403655.gpx,2074,2073,8005,,82.9
1056135876,27/06/2017 06:37,Morning Ride,Ride,1824,8.28,TRUE,activities/1056135876.gpx,1824,1788,8285.7,,116.8
1056799426,27/06/2017 16:43,Afternoon Ride,Ride,1569,7.35,TRUE,activities/1056799426.gpx,1569,1536,7358.6,,134.4
1057750978,28/06/2017 07:05,Morning Ride,Ride,2621,7.88,TRUE,activities/1057750978.gpx,2621,1639,7886.3,,117.2
1058239283,28/06/2017 15:35,Afternoon Ride,Ride,1702,7.29,TRUE,activities/1058239283.gpx,1702,1498,7290.5,,134.3
1065193784,03/07/2017 07:42,Morning Ride,Ride,1584,7.58,TRUE,activities/1065193784.gpx,1584,1584,7583,,105
1065731632,03/07/2017 16:21,Afternoon Ride,Ride,1604,7.24,TRUE,activities/1065731632.gpx,1604,1466,7245,,134.1
1076444817,10/07/2017 07:28,Morning Ride,Ride,1692,7.52,FALSE,activities/1076444817.gpx,1692,1455,7521.3,,101.2
1077007881,10/07/2017 16:33,Afternoon Ride,Ride,1722,8.18,TRUE,activities/1077007881.gpx,1722,1679,8180.6,,149.3
1079468691,12/07/2017 07:15,Morning Ride,Ride,1637,7.47,TRUE,activities/1079468691.gpx,1637,1491,7472.9,,100.2
1080072931,12/07/2017 16:24,Afternoon Ride,Ride,1540,7.78,TRUE,activities/1080072931.gpx,1540,1512,7788,,146.9
1081030794,13/07/2017 06:58,Morning Ride,Ride,1523,7.98,TRUE,activities/1081030794.gpx,1523,1434,7981.3,,115.1
1081612081,13/07/2017 15:44,Afternoon Ride,Ride,1726,8.17,TRUE,activities/1081612081.gpx,1726,1624,8172.4,,149
1087483277,17/07/2017 07:21,Morning Ride,Ride,1400,7.31,TRUE,activities/1087483277.gpx,1400,1293,7317.7,,100.8
1088129790,17/07/2017 16:38,Afternoon Ride,Ride,1903,8.44,TRUE,activities/1088129790.gpx,1903,1788,8443.4,,154.4
1089060221,18/07/2017 07:07,Morning Ride,Ride,1321,7.82,TRUE,activities/1089060221.gpx,1321,1269,7828.6,,111.1
1089823765,18/07/2017 16:02,Afternoon Ride,Ride,1451,8.03,TRUE,activities/1089823765.gpx,1451,1425,8035.6,,151.6
1098828995,24/07/2017 07:06,Morning Ride,Ride,1405,7.85,TRUE,activities/1098828995.gpx,1405,1395,7853.7,,112.8
1099363837,24/07/2017 15:46,Afternoon Ride,Ride,1470,8.16,TRUE,activities/1099363837.gpx,1470,1452,8168.1,,148.6
1102025797,26/07/2017 07:29,Morning Ride,Ride,1847,7.93,TRUE,activities/1102025797.gpx,1847,1636,7933.1,,110
1102734891,26/07/2017 17:15,Evening Ride,Ride,1730,7.28,TRUE,activities/1102734891.gpx,1730,1607,7288.9,,134.4
1110048157,31/07/2017 07:24,Morning Ride,Ride,1726,11.86,TRUE,activities/1110048157.gpx,1726,1706,11861.4,,133.8
1110692973,31/07/2017 16:32,Afternoon Ride,Ride,2440,11.96,TRUE,activities/1110692973.gpx,2440,2346,11966.8,,229.4
1111639514,01/08/2017 07:15,Morning Ride,Ride,1881,11.93,TRUE,activities/1111639514.gpx,1881,1762,11936.5,,132.2
1112396718,01/08/2017 16:51,Evening Ride,Ride,2400,11.91,TRUE,,2400,2400,11909.1,,
1122930860,08/08/2017 07:13,Morning Ride,Ride,1946,11.82,TRUE,activities/1122930860.gpx,1946,1931,11825.3,,132.9
1123659350,08/08/2017 16:52,Afternoon Ride,Ride,2383,12.25,TRUE,activities/1123659350.gpx,2383,2383,12258.7,,232.5
1167442810,04/09/2017 07:21,Morning ride,Ride,1408,7.51,TRUE,activities/1167442810.gpx,1408,1387,7517.5,,101.3
1168095878,04/09/2017 16:32,Evening ride,Ride,1570,7.26,TRUE,activities/1168095878.gpx,1570,1556,7265.6,,134.4
1169045845,05/09/2017 07:13,Morning ride,Ride,1469,7.31,TRUE,activities/1169045845.gpx,1469,1406,7315.9,,103.7
1169704184,05/09/2017 16:38,Evening ride,Ride,1636,8.17,TRUE,activities/1169704184.gpx,1636,1521,8176.3,,149
1172193885,07/09/2017 06:58,Morning ride,Ride,2155,7.93,TRUE,activities/1172193885.gpx,2155,1449,7931.5,,113.4
1173314628,07/09/2017 16:56,Evening ride,Ride,1762,7.43,TRUE,activities/1173314628.gpx,1762,1688,7433.9,,139.2
1178656490,11/09/2017 07:30,Morning ride,Ride,1496,8.05,TRUE,activities/1178656490.gpx,1496,1436,8052.4,,111.4
1179212024,11/09/2017 16:29,Evening ride,Ride,1737,8.15,TRUE,activities/1179212024.gpx,1737,1692,8149.3,,148.8
1180063541,12/09/2017 07:28,Morning ride,Ride,1504,8,TRUE,activities/1180063541.gpx,1504,1451,8001.9,,111.3
1181156182,12/09/2017 16:15,Evening ride,Ride,1740,8.04,TRUE,,1740,1740,8046.7,,
1192596041,20/09/2017 07:12,Morning ride,Ride,1763,10.11,TRUE,activities/1192596041.gpx,1763,1701,10113.9,,139
1193323662,20/09/2017 16:57,Home via Holme Lane,Ride,2603,10.47,TRUE,activities/1193323662.gpx,2603,2572,10474.2,,306.4
1200678359,25/09/2017 07:20,Morning ride,Ride,2192,10.11,TRUE,activities/1200678359.gpx,2192,1978,10111.8,,135.6
1215932735,05/10/2017 06:54,Morning ride,Ride,1929,10.57,FALSE,activities/1215932735.gpx,1929,1895,10578.4,,138.5
1216553740,05/10/2017 16:15,Evening ride,Ride,2948,11.4,TRUE,activities/1216553740.gpx,2948,2867,11405.1,,317.8
1222085994,09/10/2017 07:38,Morning ride,Ride,2008,10.2,TRUE,activities/1222085994.gpx,2008,1977,10204.6,,135.3
1224866036,09/10/2017 16:34,Slaithwaite Hall,Ride,3000,9.65,TRUE,,3000,3000,9656.1,,
1223471675,10/10/2017 07:20,Morning ride,Ride,1932,9.94,TRUE,activities/1223471675.gpx,1932,1902,9945.8,,135.5
1224166560,10/10/2017 16:50,Afternoon Ride,Ride,3100,11.76,TRUE,activities/1224166560.gpx,3100,2977,11759.9,,325.1
1227846166,13/10/2017 06:50,Morning Ride,Ride,1788,10.03,TRUE,activities/1227846166.gpx,1788,1686,10031.5,,137.2
1228425718,13/10/2017 15:47,Slaithwaite Hall,Ride,3350,11.66,TRUE,activities/1228425718.gpx,3350,3157,11667.8,,318.7
1244368786,24/10/2017 07:16,Morning Ride,Ride,1913,10.01,TRUE,activities/1244368786.gpx,1913,1762,10012.4,,141.6
1245023234,24/10/2017 16:43,Afternoon Ride,Ride,2826,10.37,TRUE,activities/1245023234.gpx,2826,2644,10372.9,,310
1245865259,25/10/2017 07:46,Morning Ride,Ride,1802,10.01,TRUE,activities/1245865259.gpx,1802,1746,10016.3,,138.8
1246516043,25/10/2017 16:43,Afternoon Ride,Ride,2359,12.16,TRUE,activities/1246516043.gpx,2359,2303,12166.6,,228.9
1248707414,27/10/2017 07:13,Morning Ride,Ride,1856,9.97,TRUE,activities/1248707414.gpx,1856,1756,9969.7,,140.3
1249189210,27/10/2017 14:55,Afternoon Ride,Ride,3942,16.22,TRUE,activities/1249189210.gpx,3942,3875,16225.4,,428.1
1254504802,31/10/2017 08:14,Morning Ride,Ride,1784,10.24,TRUE,activities/1254504802.gpx,1784,1740,10247.1,,136.1
1255173544,31/10/2017 17:20,Afternoon Ride,Ride,2606,10.45,TRUE,activities/1255173544.gpx,2606,2589,10454.9,,320
1257473933,02/11/2017 07:38,Morning Ride,Ride,1758,10.05,TRUE,activities/1257473933.gpx,1758,1727,10058.1,,136.8
1258157501,02/11/2017 17:00,Afternoon Ride,Ride,2650,11.38,TRUE,activities/1258157501.gpx,2650,2560,11388.2,,317.6
1264998201,07/11/2017 11:01,Lunch Ride,Ride,1691,10,TRUE,activities/1264998201.gpx,1691,1602,10006.7,,134.4
1265471548,07/11/2017 17:25,Afternoon Ride,Ride,2678,10.39,TRUE,activities/1265471548.gpx,2678,2582,10394.6,,316.3
1266263495,08/11/2017 08:14,Morning Ride,Ride,1721,9.99,TRUE,activities/1266263495.gpx,1721,1644,9989.4,,136.4
1266898105,08/11/2017 17:41,Afternoon Ride,Ride,2880,11.92,TRUE,activities/1266898105.gpx,2880,2793,11927,,330.1
1273307796,13/11/2017 08:15,Morning Ride,Ride,1764,10,TRUE,activities/1273307796.gpx,1764,1692,10005.4,,135.9
1273871132,13/11/2017 17:43,Crash!,Ride,3027,10.46,TRUE,activities/1273871132.gpx,3027,2883,10460.9,,310
1283029586,20/11/2017 08:22,Morning Ride,Ride,3041,9.97,TRUE,activities/1283029586.gpx,3041,1875,9975.3,,135.7
1292115868,20/11/2017 18:00,Evening Ride,Ride,2400,9.97,TRUE,,2400,2400,9977.9,,274.3
1284231453,21/11/2017 08:14,Morning Ride,Ride,2084,9.98,TRUE,activities/1284231453.gpx,2084,1815,9986.5,,134.9
1284841225,21/11/2017 17:23,Afternoon Ride,Ride,3404,10.02,TRUE,activities/1284841225.gpx,3404,3056,10019.3,,279.2
1302747632,05/12/2017 08:17,Morning Ride,Ride,1675,9.75,TRUE,activities/1302747632.gpx,1675,1648,9749.3,,131.1
1303369354,05/12/2017 17:56,Afternoon Ride,Ride,2910,10.36,TRUE,activities/1303369354.gpx,2910,2629,10361.9,,283.2
1312385999,13/12/2017 08:36,Morning ride,Ride,2681,9.48,TRUE,activities/1312385999.gpx,2681,2675,9488.4,,130.1
1313121358,13/12/2017 17:22,Evening ride,Ride,3941,11.96,FALSE,activities/1313121358.gpx,3941,3770,11959.4,,323.2
1336950708,02/01/2018 08:28,Morning Ride,Ride,1910,9.96,TRUE,activities/1336950708.gpx,1910,1736,9962.6,,133.2
1337492570,02/01/2018 15:35,Afternoon Ride,Ride,3135,10.57,TRUE,activities/1337492570.gpx,3135,3067,10578.4,,306.8
1348081909,09/01/2018 08:28,Morning ride,Ride,2170,7.97,TRUE,activities/1348081909.gpx,2170,1437,7977.2,,113.6
1348701731,09/01/2018 17:21,Afternoon ride,Ride,1541,8.23,TRUE,activities/1348701731.gpx,1541,1435,8229.9,,147.8
1352873113,12/01/2018 07:53,Morning ride,Ride,1437,7.78,TRUE,activities/1352873113.gpx,1437,1255,7784.2,,111.4
1353340478,12/01/2018 15:18,Afternoon ride,Ride,1548,8.27,TRUE,activities/1353340478.gpx,1548,1410,8276.1,,160
1488557113,04/04/2018 07:13,Morning ride,Ride,1651,8.04,TRUE,activities/1488557113.gpx,1651,1422,8044.6,,116
1489305003,04/04/2018 16:32,Afternoon ride,Ride,1687,8.29,TRUE,activities/1489305003.gpx,1687,1607,8290,,148.2
1498159796,09/04/2018 07:20,Morning ride,Ride,1412,7.78,TRUE,activities/1498159796.gpx,1412,1304,7783,,112
1498819071,09/04/2018 16:12,Afternoon ride,Ride,1379,7.86,TRUE,activities/1498819071.gpx,1379,1280,7862.6,,146.5
1527176736,23/04/2018 16:41,Afternoon ride,Ride,1746,7.81,TRUE,activities/1527176736.gpx,1746,1641,7811.7,,146.7
1532442660,26/04/2018 07:02,Morning ride,Ride,3988,15.18,TRUE,activities/1532442660.gpx,3988,2438,15184.2,,176
1533068149,26/04/2018 15:22,Afternoon ride,Ride,2553,12.12,TRUE,activities/1533068149.gpx,2553,2438,12126.7,,230.4
1542199783,01/05/2018 07:20,Morning ride,Ride,1395,8.26,TRUE,activities/1542199783.gpx,1395,1343,8260.7,,113.5
1543464919,01/05/2018 16:31,Afternoon ride,Ride,2032,9.57,TRUE,activities/1543464919.gpx,2032,1977,9578.9,,220
1557253711,08/05/2018 07:25,Morning ride,Ride,2439,12.45,TRUE,activities/1557253711.gpx,2439,2400,12454.4,,42.9
1558223441,08/05/2018 16:33,Afternoon ride,Ride,3220,12.22,TRUE,activities/1558223441.gpx,3220,3148,12222.4,,135.4
1563789879,11/05/2018 06:54,Morning ride,Ride,1762,7.48,TRUE,activities/1563789879.gpx,1762,1651,7487.9,,45.6
1564661250,11/05/2018 13:56,Afternoon ride,Ride,1837,7.54,TRUE,activities/1564661250.gpx,1837,1770,7548.7,,80.7
1571035250,14/05/2018 07:18,Morning ride,Ride,1495,7.55,TRUE,activities/1571035250.gpx,1495,1435,7550,,100.3
1571698966,14/05/2018 16:13,Afternoon ride,Ride,1610,7.78,TRUE,activities/1571698966.gpx,1610,1464,7784.6,,146.8
1573016944,15/05/2018 07:16,Morning ride,Ride,1770,11.92,TRUE,activities/1573016944.gpx,1770,1705,11928.1,,133.5
1573912156,15/05/2018 16:26,Afternoon ride,Ride,2561,12.14,TRUE,activities/1573912156.gpx,2561,2474,12139.6,,161.8
1579356499,18/05/2018 06:42,Morning ride,Ride,1783,10.25,TRUE,activities/1579356499.gpx,1783,1690,10251.3,,135.3
1580010206,18/05/2018 14:37,Afternoon ride,Ride,2680,10.25,TRUE,activities/1580010206.gpx,2680,2445,10250.5,,283.2
1590329194,23/05/2018 07:08,Morning ride,Ride,1730,9.96,TRUE,activities/1590329194.gpx,1730,1679,9960,,134.4
1591244404,23/05/2018 16:24,Afternoon ride,Ride,2654,11.43,TRUE,activities/1591244404.gpx,2654,2559,11431.5,,316.3
1609509068,01/06/2018 06:53,Morning ride,Ride,1364,7.41,TRUE,activities/1609509068.gpx,1364,1338,7418.5,,101.5
1610183810,01/06/2018 15:25,Afternoon Ride,Ride,1628,7.5,TRUE,activities/1610183810.gpx,1628,1475,7505.1,,140.3
1620377088,06/06/2018 07:27,Morning ride,Ride,1464,7.74,TRUE,activities/1620377088.gpx,1464,1283,7748.2,,110.7
1620938955,06/06/2018 14:03,Afternoon ride,Ride,1572,8.55,TRUE,activities/1620938955.gpx,1572,1500,8554.9,,154.3
1624583828,08/06/2018 06:58,Morning ride,Ride,1473,7.78,TRUE,activities/1624583828.gpx,1473,1367,7783.8,,111.8
1625338272,08/06/2018 16:16,Afternoon ride,Ride,1480,8.28,TRUE,activities/1625338272.gpx,1480,1355,8289,,159.3
1694953128,11/07/2018 07:24,Morning ride,Ride,1708,7.89,TRUE,activities/1694953128.gpx,1708,1611,7894.2,,56.9
1695908077,11/07/2018 16:52,Afternoon ride,Ride,1812,8.12,TRUE,activities/1695908077.gpx,1812,1730,8127.4,,83.7
1707861602,17/07/2018 06:56,Morning ride,Ride,1417,7.87,TRUE,activities/1707861602.gpx,1417,1303,7877.6,,112.7
1708861488,17/07/2018 16:41,Afternoon ride,Ride,1744,8.35,TRUE,activities/1708861488.gpx,1744,1715,8356,,152.5
1737247929,30/07/2018 07:18,Morning ride,Ride,1344,7.39,TRUE,activities/1737247929.gpx,1344,1256,7389.9,,101.2
1738030292,30/07/2018 14:48,Afternoon ride,Ride,2059,7.98,TRUE,activities/1738030292.gpx,2059,1847,7979.6,,93
1770859326,14/08/2018 07:29,Morning Ride,Ride,1485,7.85,TRUE,activities/1770859326.gpx,1485,1405,7855.9,,113.3
1804726133,29/08/2018 07:15,Morning Ride,Ride,1366,7.81,TRUE,activities/1804726133.gpx,1366,1250,7809.3,,110.8
1805636310,29/08/2018 16:09,Longwood Golcar,Ride,2217,10.69,TRUE,activities/1805636310.gpx,2217,2154,10692.9,,281.1
1878926756,02/10/2018 07:37,Morning ride,Ride,1429,7.92,TRUE,activities/1878926756.gpx,1429,1349,7925,,113.2
1879558530,02/10/2018 14:39,Afternoon ride,Ride,1877,8.67,TRUE,activities/1879558530.gpx,1877,1738,8672.6,,152.7
1896382610,10/10/2018 15:51,Afternoon ride,Ride,1468,8.07,TRUE,activities/1896382610.gpx,1468,1381,8075,,147.9
1905875733,15/10/2018 07:03,Morning ride,Ride,1428,7.83,TRUE,activities/1905875733.gpx,1428,1362,7836.2,,71.1
1906586429,15/10/2018 16:06,Afternoon ride,Ride,1559,8.2,TRUE,activities/1906586429.gpx,1559,1476,8204.5,,113.3
1911905941,18/10/2018 07:32,Morning ride,Ride,1415,7.9,TRUE,activities/1911905941.gpx,1415,1311,7900.3,,110.4
1913040322,18/10/2018 16:00,Afternoon ride,Ride,1463,7.85,TRUE,activities/1913040322.gpx,1463,1382,7856,,146.3
1924110895,24/10/2018 07:15,Morning ride,Ride,1451,7.61,TRUE,activities/1924110895.gpx,1451,1287,7610.6,,74.3
1940784879,02/11/2018 07:46,Morning ride,Ride,1891,9.95,TRUE,activities/1940784879.gpx,1891,1733,9954.2,,84.5
1941495338,02/11/2018 15:16,Afternoon ride,Ride,2628,10.36,TRUE,activities/1941495338.gpx,2628,2340,10361.9,,229
1948835039,06/11/2018 08:03,Morning ride,Ride,1781,10.13,TRUE,activities/1948835039.gpx,1781,1713,10136.7,,82.5
1950125161,06/11/2018 17:22,Afternoon ride,Ride,14471,10.95,TRUE,activities/1950125161.gpx,14471,3436,10954.6,,221.2
1985557011,26/11/2018 08:09,Morning ride,Ride,1797,9.97,TRUE,activities/1985557011.gpx,1797,1668,9972,,85.1
1986138750,26/11/2018 16:33,Evening ride,Ride,2047,9.91,TRUE,activities/1986138750.gpx,2047,1914,9916.6,,185.4
1997681911,03/12/2018 08:56,Morning ride,Ride,3026,8.62,TRUE,activities/1997681911.gpx,3026,1745,8620.7,,75.1
1998213488,03/12/2018 16:45,Evening ride,Ride,1610,8.1,TRUE,activities/1998213488.gpx,1610,1544,8108.7,,109.9
2049917402,02/01/2019 08:25,Morning ride,Ride,2582,10.1,TRUE,activities/2049917402.gpx,2582,1704,10108.4,,85.6
2050885557,02/01/2019 16:53,Afternoon ride,Ride,2298,9.88,TRUE,activities/2050885557.gpx,2298,2178,9885.9,,179.4
2068340913,10/01/2019 08:13,Morning ride,Ride,1902,10,TRUE,activities/2068340913.gpx,1902,1692,9999.8,,85.9
2069946565,10/01/2019 16:30,Evening ride,Ride,23708,10.77,TRUE,activities/2069946565.gpx,23708,2718,10771.9,,272.8
2079701498,15/01/2019 08:17,Morning ride,Ride,1829,8.22,TRUE,activities/2079701498.gpx,1829,1501,8221.9,,77.4
2080695256,15/01/2019 17:24,Evening ride,Ride,1816,7.82,TRUE,activities/2080695256.gpx,1816,1636,7824.3,,106.9
2173922451,25/02/2019 08:02,Morning ride,Ride,1917,9.99,TRUE,activities/2173922451.gpx,1917,1698,9991.2,,89.3
2174890278,25/02/2019 17:12,Home via towpath,Ride,2288,10.08,TRUE,activities/2174890278.gpx,2288,2225,10080,,123.9
2327468687,29/04/2019 07:46,Morning ride,Ride,1384,7.36,TRUE,activities/2327468687.gpx,1384,1299,7363.1,,70.3
2328955786,29/04/2019 16:42,Evening ride,Ride,1628,8.25,TRUE,activities/2328955786.gpx,1628,1566,8253.5,,64.4
2334031468,01/05/2019 16:00,Evening ride,Ride,1655,8.45,TRUE,activities/2334031468.gpx,,1614,8454.2,,72.3
2348246653,07/05/2019 07:29,Morning ride,Ride,1500,7.31,TRUE,activities/2348246653.gpx,,1416,7309.6,,70.3
2349151235,07/05/2019 15:31,Evening ride on towpath,Ride,1699,8.32,TRUE,activities/2349151235.gpx,,1582,8326.7,,70
2403253989,28/05/2019 07:42,Morning ride,Ride,1491,7.47,TRUE,activities/2403253989.gpx,,1442,7477.9,,71.4
2404214984,28/05/2019 16:20,Evening ride,Ride,1780,8.03,TRUE,activities/2404214984.gpx,,1653,8035.1,,102.8
2405785690,29/05/2019 07:29,Morning ride,Ride,1447,8.31,TRUE,activities/2405785690.gpx,,1390,8310,,77.2
2484057401,27/06/2019 06:51,Morning ride,Ride,1467,8.18,TRUE,activities/2484057401.gpx,1467,1386,8180.8,,77.3
2485135126,27/06/2019 16:32,Evening ride,Ride,1442,8.07,TRUE,activities/2485135126.gpx,1442,1353,8076.3,,112.4
2500046663,03/07/2019 07:15,Morning ride,Ride,1782,9.91,TRUE,activities/2500046663.gpx,1782,1707,9912.6,,85.7
2501191706,03/07/2019 16:13,Canal and Holme Lane,Ride,2822,10.62,TRUE,activities/2501191706.gpx,2822,2766,10627.6,,230.7
2552883596,22/07/2019 07:34,Morning ride,Ride,1251,7.88,TRUE,activities/2552883596.gpx,1251,1162,7879.2,,72.1
2553977560,22/07/2019 16:33,Evening ride (against the wind),Ride,1722,8.13,TRUE,activities/2553977560.gpx,1722,1619,8137.1,,112.8
2555548645,23/07/2019 07:04,Morning ride,Ride,1314,7.82,TRUE,activities/2555548645.gpx,1314,1264,7823.5,,71.7
2559371744,24/07/2019 14:10,Afternoon ride via Lowerhouses,Ride,1891,8.41,TRUE,activities/2559371744.gpx,1891,1787,8416.9,,168.7
2600728699,08/08/2019 07:15,Morning ride,Ride,1322,8.02,TRUE,activities/2600728699.gpx,1322,1294,8022.3,,72.9
2601860703,08/08/2019 15:42,Evening Ride,Ride,1301,7.38,TRUE,activities/2601860703.gpx,1301,1262,7381.4,,106.4
2614442635,13/08/2019 06:42,Morning ride,Ride,1344,7.81,TRUE,activities/2614442635.gpx,1344,1258,7814.6,,74.9
2615913726,13/08/2019 16:38,Afternoon ride,Ride,1737,8.36,TRUE,activities/2615913726.gpx,1737,1673,8362,,160.2
2827993166,30/10/2019 08:42,Morning ride,Ride,1701,7.82,TRUE,activities/2827993166.gpx,1701,1569,7819.7,,71.8
2828889819,30/10/2019 16:13,Evening ride,Ride,2025,8.6,TRUE,activities/2828889819.gpx,2025,1965,8608.9,,70.5
3632491650,18/06/2020 06:18,Coal Gate,Ride,2684,3.56,FALSE,activities/3632491650.gpx,2684,2631,3567.9,1.356,91.4
3667781743,25/06/2020 06:24,Marsden & Pule Hill,Ride,3383,12.72,FALSE,activities/3667781743.gpx,3383,3116,12726.6,4.084,256.7
4038210690,10/09/2020 06:22,Morning 6,Ride,6282,3.13,FALSE,activities/4038210690.gpx,6282,2733,3131.8,1.146,121.8
4218729349,20/10/2020 06:06,Morning walk,Ride,2911,3,FALSE,activities/4218729349.gpx,2911,2650,3001.4,1.133,124.2
4594871149,09/01/2021 15:42,Afternoon Ride,Ride,2009,14.2,FALSE,activities/4908336966.fit.gz,2009,2009,14207.9,7.072,0
4604964711,11/01/2021 17:38,Afternoon Ride,Ride,1893,15.35,FALSE,activities/4918945037.fit.gz,1893,1893,15357.4,8.113,0
4753230177,07/02/2021 15:16,Afternoon Ride,Ride,4350,29.58,FALSE,activities/5073218039.fit.gz,4350,4350,29581.5,6.8,0
4963391574,17/03/2021 17:12,Fulgaz Cow and Calf,Ride,3208,22.1,FALSE,activities/5293737160.fit.gz,3208,3208,22105,6.891,231.6
5146279687,18/04/2021 06:55,Morning Ride,Ride,2998,14.12,FALSE,activities/5485210766.fit.gz,2998,2965,14128.1,4.765,258
5168720382,21/04/2021 15:55,Afternoon Ride,Ride,2920,11.91,FALSE,activities/5508547851.fit.gz,2920,2903,11911.8,4.103,297
5189929094,25/04/2021 07:38,Morning Ride,Ride,2806,13.51,FALSE,activities/5530584786.fit.gz,2806,2784,13516,4.855,260
5209050981,28/04/2021 15:40,Afternoon Ride,Ride,2970,12.33,FALSE,activities/5550444840.fit.gz,2970,2921,12337.4,4.224,312
5221478373,01/05/2021 07:03,Morning Ride,Ride,3089,13.8,FALSE,activities/5563911999.fit.gz,3089,3089,13808.4,4.47,259
5246562681,05/05/2021 14:36,Afternoon Ride,Ride,4872,21.14,FALSE,activities/5589993058.fit.gz,4872,4761,21143.5,4.441,431
5271816299,10/05/2021 06:58,Morning Ride,Ride,3714,16.82,FALSE,activities/5616446399.fit.gz,3714,3714,16825.1,4.53,358
5327290734,20/05/2021 06:21,Morning Ride,Ride,3285,16.8,FALSE,activities/5674316186.fit.gz,3285,3254,16801.2,5.163,288
5339947765,22/05/2021 14:48,Afternoon Ride,Ride,4849,22.6,FALSE,activities/5687527518.fit.gz,4849,4642,22601.3,4.869,397
5348556410,24/05/2021 06:29,Morning Ride,Ride,3502,16.37,FALSE,activities/5696525091.fit.gz,3502,3486,16374.6,4.697,317
5381355010,30/05/2021 07:36,Morning Ride,Ride,4179,23.25,FALSE,activities/5730682658.fit.gz,4179,4179,23256.2,5.565,335
5464354559,13/06/2021 15:38,Afternoon Ride,Ride,3209,14.26,FALSE,activities/5817310409.fit.gz,3209,3181,14260.5,4.483,326
5493610255,19/06/2021 07:19,Morning Ride,Ride,3720,17.72,FALSE,activities/5847773737.fit.gz,3720,3649,17720.5,4.856,312
5515053965,23/06/2021 06:53,Morning Ride,Ride,3643,19.13,FALSE,activities/5870128404.fit.gz,3643,3643,19138.8,5.254,300
5535804095,27/06/2021 07:24,Morning Ride,Ride,3513,16.09,FALSE,activities/5891765644.fit.gz,3513,3498,16093.4,4.601,285
5571908148,04/07/2021 06:56,Morning Ride,Ride,4377,21.96,FALSE,activities/5929399232.fit.gz,4377,4377,21962.7,5.018,404
5651035740,19/07/2021 06:55,Morning Ride,Ride,2876,14.7,FALSE,activities/6011985539.fit.gz,2876,2876,14707.7,5.114,231
5687093495,25/07/2021 06:18,Morning Ride,Ride,4027,16.82,FALSE,activities/6049585705.fit.gz,4027,3939,16820.4,4.27,312
5724994062,02/08/2021 07:04,Morning Ride,Ride,3231,15.4,FALSE,activities/6089494003.fit.gz,3231,3231,15406.9,4.768,303
5741452816,05/08/2021 06:18,Morning Ride,Ride,3752,15.1,FALSE,activities/6106664535.fit.gz,3752,3688,15108.1,4.097,387
5779214316,12/08/2021 06:49,Morning Ride,Ride,3093,12.32,FALSE,activities/6146159104.fit.gz,3093,3093,12321.1,3.984,328
5789552285,14/08/2021 06:59,Morning Ride,Ride,296,1.12,FALSE,activities/6157008976.fit.gz,296,266,1128.5,4.242,3
5789684951,14/08/2021 07:05,Morning Ride,Ride,3289,14.96,FALSE,activities/6157146571.fit.gz,3289,3247,14962.2,4.608,216
5901785471,04/09/2021 05:33,Morning Ride,Ride,2756,13.01,FALSE,activities/6274455294.fit.gz,2756,2756,13009.9,4.721,218
5924869181,08/09/2021 05:46,Morning Ride,Ride,2579,10.7,FALSE,activities/6298591346.fit.gz,2579,2563,10702.8,4.176,169
5940522333,11/09/2021 06:29,Morning Ride,Ride,5503,20.71,FALSE,activities/6314976330.fit.gz,5503,5441,20710.6,3.806,268
5952335164,13/09/2021 06:07,Morning Ride,Ride,3537,15.43,FALSE,activities/6327375069.fit.gz,3537,3504,15437.4,4.406,265
5983452878,19/09/2021 06:09,Morning Ride,Ride,4057,14.85,FALSE,activities/6359964966.fit.gz,4057,4057,14852,3.661,389
6010807154,24/09/2021 10:01,Lunch Ride,Ride,3561,8.38,FALSE,activities/6388639326.fit.gz,3561,3404,8388.9,2.464,231
6020606642,26/09/2021 07:26,Morning Ride,Ride,4301,13.9,FALSE,activities/6398956894.fit.gz,4301,4210,13901.3,3.302,315
6060995857,04/10/2021 06:04,Morning Ride,Ride,2905,8.12,FALSE,activities/6441360726.fit.gz,2905,2825,8128.1,2.877,205
6085191392,09/10/2021 06:36,Morning Ride,Ride,3297,16.06,FALSE,activities/6466821155.fit.gz,3297,3297,16065.3,4.873,277
6124591296,17/10/2021 06:31,Morning Ride,Ride,4206,17.22,FALSE,activities/6508586974.fit.gz,4206,4206,17226.2,4.096,428
6152935792,23/10/2021 06:37,Morning Ride,Ride,3957,17.65,FALSE,activities/6538632653.fit.gz,3957,3875,17656.1,4.556,371
6163175350,25/10/2021 06:09,Morning Ride,Ride,2868,11.58,FALSE,activities/6549561597.fit.gz,2868,2868,11587.9,4.04,292
6185721980,30/10/2021 06:23,Morning Ride,Ride,3166,10.97,FALSE,activities/6573501014.fit.gz,3166,3166,10969.3,3.465,341
6222783868,07/11/2021 07:06,Morning Ride,Ride,4171,19.28,FALSE,activities/6613228177.fit.gz,4171,4154,19279.3,4.641,318
6255035649,14/11/2021 07:16,Morning Ride,Ride,3846,17.86,FALSE,activities/6647659552.fit.gz,3846,3591,17868.9,4.976,335
6270704257,17/11/2021 13:30,Afternoon Ride,Ride,8295,32.27,FALSE,activities/6664396761.fit.gz,8295,8045,32278.4,4.012,738
6281784672,20/11/2021 07:43,Morning Ride,Ride,4760,20.87,FALSE,activities/6676254491.fit.gz,4760,4727,20876.4,4.416,510
6345029548,05/12/2021 07:28,Golcar ,Ride,4500,17.93,FALSE,activities/6744182350.fit.gz,4500,4040,17929.1,4.438,408.2
6366841372,10/12/2021 14:47,Slaithwaite & Crimble ,Ride,4032,12.51,FALSE,activities/6767762246.fit.gz,4032,3899,12518.2,3.211,326.6
6378060463,13/12/2021 08:33,Morning Ride,Ride,7179,26.86,FALSE,activities/6779985385.fit.gz,7179,7037,26866.6,3.818,600
6406310293,20/12/2021 08:49,Morning Ride,Ride,8220,32.21,FALSE,activities/6810462600.fit.gz,8220,8084,32211.2,3.985,639
6417689338,23/12/2021 08:40,Morning Ride,Ride,3155,16.86,FALSE,activities/6822650334.fit.gz,3155,3155,16860,5.344,297
6450013871,31/12/2021 09:24,Morning Ride,Ride,1075,4.74,FALSE,activities/6857666238.fit.gz,1075,1057,4745.7,4.49,74
6454540568,01/01/2022 08:17,Morning Ride,Ride,4366,19.64,FALSE,activities/6862575003.fit.gz,4366,3736,19645.5,5.258,192
6465290856,03/01/2022 08:59,Morning Ride,Ride,5460,29.83,FALSE,activities/6874165056.fit.gz,5460,5436,29830.6,5.488,340
6494554536,09/01/2022 08:04,Morning Ride,Ride,2024,6.74,FALSE,activities/6905511235.fit.gz,2024,1997,6746.6,3.378,210
6531300117,16/01/2022 07:44,Morning Ride,Ride,4340,18.8,FALSE,activities/6944794863.fit.gz,4340,4319,18804.9,4.354,372
6858251057,21/03/2022 09:46,Morning Ride,Ride,4498,16.29,FALSE,activities/7296346515.fit.gz,4498,4387,16294.7,3.714,293
6883709460,26/03/2022 07:11,Morning Ride,Ride,5157,21.32,FALSE,activities/7323802308.fit.gz,5157,5157,21327.8,4.136,372
6964128577,11/04/2022 08:36,Morning Ride,Ride,9951,33.02,FALSE,activities/6964128577.gpx,9951,8873,33028.4,3.722,648.8
6964102270,11/04/2022 08:37,Morning Ride,Ride,8586,32.32,FALSE,activities/7411068519.fit.gz,8586,8380,32325.2,3.857,663
7064262311,30/04/2022 05:29,Morning Ride,Ride,2594,11.71,FALSE,activities/7519673321.fit.gz,2594,2594,11711,4.515,238
7100369057,07/05/2022 05:33,Morning Ride,Ride,3863,15.67,FALSE,activities/7558941883.fit.gz,3863,3863,15669.5,4.056,320
7112748335,09/05/2022 08:58,Morning Ride,Ride,7601,25.21,FALSE,activities/7572492802.fit.gz,7601,7426,25213.6,3.395,606
7300602996,13/06/2022 06:47,Morning Ride,Ride,3510,16.8,FALSE,activities/7777170865.fit.gz,3510,3477,16801.3,4.832,281
7332707723,19/06/2022 07:06,Morning Ride,Ride,4016,17.41,FALSE,activities/7812241648.fit.gz,4016,4001,17418.6,4.354,337
7364238636,25/06/2022 06:25,Morning Ride,Ride,5679,24.34,FALSE,activities/7846750187.fit.gz,5679,5621,24341.5,4.33,392
7449736955,09/07/2022 06:56,Morning Ride,Ride,3209,13.78,FALSE,activities/7940548211.fit.gz,3209,3191,13780.3,4.318,293
7449743028,11/07/2022 06:20,Morning Ride,Ride,3906,9.09,FALSE,activities/7940554910.fit.gz,3906,3679,9093.3,2.472,246
7476333623,16/07/2022 06:47,Morning Ride,Ride,3739,18.25,FALSE,activities/7969748191.fit.gz,3739,3724,18249,4.9,336
7546730886,23/07/2022 07:20,Morning Ride,Ride,3658,17.38,FALSE,activities/8047667027.fit.gz,3658,3628,17381.7,4.791,338
7562954560,01/08/2022 07:43,Morning Ride,Ride,3602,16.92,FALSE,activities/8065806321.fit.gz,3602,3547,16926.4,4.772,316
7601928218,08/08/2022 07:53,Morning Ride,Ride,3044,13.34,FALSE,activities/8109219524.fit.gz,3044,3044,13342.2,4.383,305
7718227946,28/08/2022 07:20,Morning Ride,Ride,3193,15.85,FALSE,activities/8239658373.fit.gz,3193,3193,15852.6,4.965,278
7789272493,11/09/2022 07:14,Morning Ride,Ride,3533,16.18,FALSE,activities/8319838557.fit.gz,3533,3533,16179.5,4.58,305
7805615482,14/09/2022 06:53,Morning Ride,Ride,2591,10.83,FALSE,activities/8338231009.fit.gz,2591,2591,10831.5,4.18,218
7820568599,17/09/2022 06:37,Morning Ride,Ride,3181,14.6,FALSE,activities/8355023664.fit.gz,3181,3181,14607.2,4.592,315
7868827083,26/09/2022 07:50,Morning Ride,Ride,3189,16.8,FALSE,activities/8409562605.fit.gz,3189,3168,16803.8,5.304,190
7883754765,29/09/2022 08:04,Morning Ride,Ride,2358,6.43,FALSE,activities/8426209962.fit.gz,2358,2252,6436.9,2.858,106
7903861089,03/10/2022 07:14,Morning Ride,Ride,3567,16.05,FALSE,activities/8448949214.fit.gz,3567,3501,16056.5,4.586,266
7914151326,05/10/2022 07:49,Morning Ride,Ride,3823,20.47,FALSE,activities/8460441316.fit.gz,3823,3798,20478.6,5.392,264
7924444553,07/10/2022 08:05,Morning Ride,Ride,4041,12.4,FALSE,activities/8472050385.fit.gz,4041,3841,12401.4,3.229,296
7940136498,10/10/2022 07:36,Morning Ride,Ride,3405,16.86,FALSE,activities/8489935879.fit.gz,3405,3405,16865.3,4.953,280
7970340485,16/10/2022 07:54,Morning Ride,Ride,3976,16.21,FALSE,activities/8524099732.fit.gz,3976,3976,16212.1,4.077,324
8011554105,22/10/2022 07:32,Morning Ride,Ride,3266,11.93,FALSE,activities/8571658002.fit.gz,3266,3113,11932,3.833,301
8011562647,24/10/2022 09:00,Morning Ride,Ride,8074,28.16,FALSE,activities/8571667703.fit.gz,8074,7872,28168.3,3.578,584
8075613886,06/11/2022 07:34,Morning Ride,Ride,5222,23.06,FALSE,activities/8644334362.fit.gz,5222,5222,23063.9,4.417,471
8116220438,14/11/2022 09:38,Morning Ride,Ride,6627,20.23,FALSE,activities/8690356621.fit.gz,6627,6057,20229.1,3.34,516
8174294823,27/11/2022 08:03,Morning Ride,Ride,4456,18.59,FALSE,activities/8755916934.fit.gz,4456,4405,18597.3,4.222,456
8209634773,05/12/2022 08:12,Morning Ride,Ride,4373,19.12,FALSE,activities/8795706710.fit.gz,4373,4328,19126.6,4.419,344
8254763601,16/12/2022 10:05,Morning Ride,Ride,2030,10.39,FALSE,activities/8846920318.fit.gz,2030,1999,10392.4,5.199,454
8346103281,06/01/2023 08:23,Morning Ride,Ride,5577,21.1,FALSE,activities/8950372793.fit.gz,5577,5520,21104.5,3.823,290
8384200356,13/01/2023 08:41,Morning Ride,Ride,4320,16.34,FALSE,activities/8992784786.fit.gz,4320,4291,16342.1,3.808,287
8410941330,18/01/2023 08:59,Myswoosh,Ride,1200,7,FALSE,,1200,1200,7000,5.833,
8442971970,24/01/2023 08:37,Morning Ride,Ride,5598,20.25,FALSE,activities/9058084928.fit.gz,5598,5554,20249,3.646,444
8469677969,29/01/2023 08:57,Morning Ride,Ride,3474,13.32,FALSE,activities/9087629013.fit.gz,3474,3458,13325.4,3.854,298
8480818647,31/01/2023 08:21,Morning Ride,Ride,5893,17.06,FALSE,activities/9100047748.fit.gz,5893,5565,17061,3.066,485
8519467050,07/02/2023 08:15,Morning Ride,Ride,6237,22.54,FALSE,activities/9144181123.fit.gz,6237,6108,22547.8,3.692,429
8551712860,12/02/2023 08:34,Pole Moor loop,Ride,3382,14.91,FALSE,activities/9180016641.gpx.gz,3382,3305,14917.2,4.514,257.7
8562200087,14/02/2023 07:28,Castleshaw,Ride,8271,25.88,FALSE,activities/9191687561.gpx.gz,8271,6850,25884.4,3.779,594
8597260803,21/02/2023 08:20,Morning Ride,Ride,7720,27.01,FALSE,activities/9229779056.fit.gz,7720,7526,27013.2,3.589,677
8613450621,24/02/2023 08:20,Morning Ride,Ride,6110,22.23,FALSE,activities/9246827556.fit.gz,6110,6084,22236.3,3.655,480
8634945461,28/02/2023 08:17,Morning Ride,Ride,4462,17.45,FALSE,activities/9269504102.fit.gz,4462,4428,17458.2,3.943,305
8651708491,03/03/2023 08:53,Morning Ride,Ride,2978,11.92,FALSE,activities/9287013987.fit.gz,2978,2962,11923.2,4.025,210
8728496377,17/03/2023 08:16,Morning Ride,Ride,6153,22.93,FALSE,activities/9368317732.fit.gz,6153,5889,22929.4,3.894,312
8729306941,17/03/2023 08:18,Mapbox test,Ride,6234,22.89,FALSE,activities/9369178842.gpx.gz,6234,5643,22892.4,4.057,316.9
8729275007,17/03/2023 13:13,Test,Ride,3600,1.61,FALSE,,3600,3600,1609.3,0.447,
8750999849,21/03/2023 08:15,Morning Ride,Ride,5724,19.66,FALSE,activities/9392061385.fit.gz,5724,5709,19662.6,3.444,545
8768267657,24/03/2023 08:15,Morning Ride,Ride,7134,24.71,FALSE,activities/9410151944.fit.gz,7134,6993,24713.4,3.534,665
8790149553,28/03/2023 06:15,Morning Ride,Ride,8733,37.52,FALSE,activities/9433278472.fit.gz,8733,8668,37520.7,4.329,717
8807004013,31/03/2023 07:16,Morning Ride,Ride,5749,21.46,FALSE,activities/9451015185.fit.gz,5749,5669,21467.4,3.787,441
8829272067,04/04/2023 07:13,Morning Ride,Ride,6179,24.48,FALSE,activities/9474475752.fit.gz,6179,6093,24479.5,4.018,470
8846422605,07/04/2023 06:59,Morning Ride,Ride,7512,29.76,FALSE,activities/9492504774.fit.gz,7512,7478,29759.7,3.98,658
8858040645,09/04/2023 07:26,Morning Ride,Ride,3183,13.89,FALSE,activities/9504753476.fit.gz,3183,2954,13890.4,4.702,276
8870484025,11/04/2023 08:11,Morning Ride,Ride,5817,18.71,FALSE,activities/9517961856.fit.gz,5817,5011,18711.3,3.734,430
8888092696,14/04/2023 07:20,Morning Ride,Ride,6032,22.64,FALSE,activities/9537119887.fit.gz,6032,5986,22646,3.783,529
8898765674,16/04/2023 06:50,Morning Ride,Ride,4335,15.36,FALSE,activities/9548448943.fit.gz,4335,4277,15366.5,3.593,465
8907159709,17/04/2023 14:32,Afternoon Ride,Ride,1510,4.07,FALSE,activities/9557424381.fit.gz,1510,1215,4071.4,3.351,72
8911366249,18/04/2023 07:18,Morning Ride,Ride,6118,22,FALSE,activities/9561859260.fit.gz,6118,6103,22003.8,3.605,616
8924534802,20/04/2023 09:06,Morning Ride,Ride,6835,28.76,FALSE,activities/9575697142.fit.gz,6835,6816,28765.9,4.22,672
8934798076,22/04/2023 07:13,Morning Ride,Ride,6773,22.75,FALSE,activities/9586547241.fit.gz,6773,6725,22755,3.384,684
8995328432,02/05/2023 07:31,Morning Ride,Ride,5249,21.92,FALSE,activities/9651075304.fit.gz,5249,5249,21927.6,4.177,495
9025510951,07/05/2023 07:35,Morning Ride,Ride,4326,16.28,FALSE,activities/9682966884.fit.gz,4326,4279,16288.4,3.807,418
9038390532,09/05/2023 07:31,Morning Ride,Ride,8034,28.87,FALSE,activities/9696688137.fit.gz,8034,7424,28871.5,3.889,645
9067879046,14/05/2023 07:35,Morning Ride,Ride,2447,10.23,FALSE,activities/9727935310.fit.gz,2447,2447,10236.4,4.183,288
9080342920,16/05/2023 07:34,Morning Ride,Ride,6651,26.27,FALSE,activities/9741189234.fit.gz,6651,6517,26277.4,4.032,630
9110556269,21/05/2023 07:11,Morning Ride,Ride,3243,13.85,FALSE,activities/9773130382.fit.gz,3243,3243,13849,4.27,305
9123955680,23/05/2023 07:35,Morning Ride,Ride,7138,25.94,FALSE,activities/9787365912.fit.gz,7138,6997,25939.4,3.707,702
9142392381,26/05/2023 06:24,Morning Ride,Ride,4032,15.48,FALSE,activities/9142392381.gpx,4032,3968,15479.7,3.901,405.2
9143629639,26/05/2023 06:25,Morning Ride,Ride,3944,15.39,FALSE,activities/9810599573.fit.gz,3944,3944,15394,3.903,443
9168141287,30/05/2023 07:31,Morning Ride,Ride,10052,34.72,FALSE,activities/9836792782.fit.gz,10052,9969,34719.9,3.483,962
9186903080,02/06/2023 07:36,Morning Ride,Ride,5971,24.66,FALSE,activities/9856534687.fit.gz,5971,5933,24664.1,4.157,607
9212177102,06/06/2023 07:26,Morning Ride,Ride,7344,26.26,FALSE,activities/9883301711.fit.gz,7344,7311,26259.7,3.592,774
9231440663,09/06/2023 07:59,Morning Ride,Ride,7193,23.76,FALSE,activities/9903612298.fit.gz,7193,6958,23767,3.416,694
9256163245,13/06/2023 06:24,Morning Ride,Ride,9247,25.9,FALSE,activities/9929716368.fit.gz,9247,8333,25906.3,3.109,722
9275139809,16/06/2023 06:48,Morning Ride,Ride,7091,28.8,FALSE,activities/9949727148.fit.gz,7091,6770,28799.3,4.254,482
9306289031,21/06/2023 07:06,Morning Ride,Ride,7576,32.29,FALSE,activities/9982949992.fit.gz,7576,7399,32298.2,4.365,567
9318873831,23/06/2023 08:31,Luddenden Dean ,Ride,10330,34.67,FALSE,activities/9318873831.gpx,10330,9886,34674.7,3.507,885.3
9342697215,27/06/2023 07:29,Morning Ride,Ride,7249,26,FALSE,activities/10021444738.fit.gz,7249,7137,26000.8,3.643,572
9361267156,30/06/2023 07:32,Morning Ride,Ride,6881,23.64,FALSE,activities/10041037039.fit.gz,6881,6729,23646.3,3.514,648
9404945175,07/07/2023 07:49,Morning Ride,Ride,12402,38.37,FALSE,activities/10087583638.fit.gz,12402,11481,38377.9,3.343,974
9437317042,11/07/2023 07:40,Morning Ride,Ride,25585,34.34,FALSE,activities/10121817045.gpx.gz,25585,15604,34342.6,2.201,1003.2
9429519339,11/07/2023 07:51,Morning Ride,Ride,6634,20.63,FALSE,activities/10113620815.fit.gz,6634,6634,20635.1,3.111,732
9429746622,11/07/2023 10:13,Lunch Ride,Ride,2592,9.22,FALSE,activities/10113860717.fit.gz,2592,2592,9224.7,3.559,270
9473766614,18/07/2023 07:17,Morning Ride,Ride,14476,45.64,FALSE,activities/10160300929.fit.gz,14476,14237,45645.9,3.206,1196
9492536335,21/07/2023 07:31,Morning Ride,Ride,4926,19.95,FALSE,activities/10180046478.fit.gz,4926,4854,19951.2,4.11,375
9517723278,25/07/2023 07:54,Morning Ride,Ride,12762,43.57,FALSE,activities/10206771713.fit.gz,12762,12243,43570.4,3.559,998
9560601760,01/08/2023 07:41,Morning Ride,Ride,4698,21.77,FALSE,activities/10251995358.fit.gz,4698,4682,21777,4.651,378
9605608032,08/08/2023 08:03,Morning Ride,Ride,12576,40.45,FALSE,activities/10299640659.fit.gz,12576,12455,40450.8,3.248,1219
9625382675,11/08/2023 07:41,Morning Ride,Ride,6930,33.59,FALSE,activities/10320529079.fit.gz,6930,6892,33595.3,4.875,512
9651556925,15/08/2023 07:56,Morning Ride,Ride,11853,35.6,FALSE,activities/10348154003.fit.gz,11853,11589,35604.4,3.072,874
9717205786,25/08/2023 07:49,Morning Ride,Ride,10429,33.9,FALSE,activities/10418052289.fit.gz,10429,10225,33903.8,3.316,817.9
9741303139,29/08/2023 06:50,Morning Ride,Ride,7709,27.16,FALSE,activities/10443539057.fit.gz,7709,7675,27163.9,3.539,648.5
9754906536,31/08/2023 08:12,Morning Ride,Ride,9814,26.53,FALSE,activities/10458033322.fit.gz,9814,8433,26533.3,3.146,662.8
9840094622,13/09/2023 07:30,Morning Ride,Ride,10031,48.95,FALSE,activities/10547932795.fit.gz,10031,9947,48953.1,4.921,126.1
9852875449,15/09/2023 07:23,Morning Ride,Ride,6852,26.69,FALSE,activities/10561296022.fit.gz,6852,6749,26698.4,3.956,452.1
9878154507,19/09/2023 07:46,Morning Ride,Ride,3264,8.81,FALSE,activities/10587840071.fit.gz,3264,3264,8817.2,2.701,216.7
9897286836,22/09/2023 07:26,Morning Ride,Ride,4779,16.08,FALSE,activities/10607839506.fit.gz,4779,4569,16087.1,3.521,351.9
9991633249,07/10/2023 07:17,Morning Ride,Ride,4075,16.44,FALSE,activities/10706667344.fit.gz,4075,4075,16444.7,4.036,375.7
10012400448,10/10/2023 11:02,Lunch Ride,Ride,6905,32.33,FALSE,activities/10728344478.fit.gz,6905,6772,32330.1,4.774,362.9
10024367189,12/10/2023 09:09,Morning Ride,Ride,7165,24.8,FALSE,activities/10740733520.fit.gz,7165,6970,24802.1,3.558,402.4
10054005487,17/10/2023 08:07,Morning Ride,Ride,9493,30.42,FALSE,activities/10771600058.fit.gz,9493,9375,30427.1,3.246,589.6
10067608122,19/10/2023 15:05,Wahoo SYSTM: Tasmania: Hobart City,Ride,515,2.16,FALSE,activities/10785711643.fit.gz,515,515,2163.1,4.2,0
10067607169,19/10/2023 15:25,Wahoo SYSTM: On Location - Tasmania: Kunanyi/Mt Wellington,Ride,317,1.6,FALSE,activities/10785710681.fit.gz,317,317,1606.5,5.068,0
10067649145,19/10/2023 15:38,Wahoo SYSTM: Half Monty (Ramp Test),Ride,388,2.23,FALSE,activities/10785754518.fit.gz,388,388,2238.1,5.768,0
10071065342,20/10/2023 06:45,Wahoo SYSTM: Half Monty (Ramp Test),Ride,3480,22.42,FALSE,activities/10789292896.fit.gz,3480,3480,22426.5,6.444,0
10090905606,23/10/2023 08:00,Morning Ride,Ride,7918,26.6,FALSE,activities/10810038249.gpx.gz,7918,7918,26601.3,3.36,479
10112234993,27/10/2023 07:22,Morning Ride,Ride,7976,23.42,FALSE,activities/10832188537.fit.gz,7976,7778,23426.1,3.012,492.1
10141596399,01/11/2023 09:33,Morning Ride,Ride,7749,22.71,FALSE,activities/10862987909.fit.gz,7749,7555,22710,3.006,624.3
10152273802,03/11/2023 08:14,Morning Ride,Ride,9166,37.81,FALSE,activities/10874188401.fit.gz,9166,9033,37814.5,4.186,390.2
10193230931,10/11/2023 08:36,Morning Ride,Ride,10959,31.28,FALSE,activities/10916916552.fit.gz,10959,10641,31288.3,2.94,725.2
10211004687,13/11/2023 13:04,Afternoon Ride,Ride,1352,6.94,FALSE,activities/10935406162.fit.gz,1352,1352,6945,5.137,0
10215692542,14/11/2023 08:20,Morning Ride,Ride,5691,19.82,FALSE,activities/10940251654.fit.gz,5691,5673,19821.2,3.494,442.5
10233373548,17/11/2023 08:16,Morning Ride,Ride,11292,35.99,FALSE,activities/10958600734.fit.gz,11292,10976,35993.2,3.279,780.4
10255986405,21/11/2023 08:27,Morning Ride,Ride,9316,30.49,FALSE,activities/10982133490.fit.gz,9316,9143,30490.8,3.335,699.9
10274464305,24/11/2023 08:25,Morning Ride,Ride,9506,34.02,FALSE,activities/11001358973.gpx.gz,9506,9506,34022.2,3.579,824.8
10294046122,28/11/2023 08:13,Morning Ride,Ride,5195,22.2,FALSE,activities/11021706785.fit.gz,5195,5164,22201.9,4.299,387.4
10497331757,05/01/2024 08:16,Morning Ride,Ride,4636,18.07,FALSE,activities/11232885147.fit.gz,4636,4621,18071.9,3.911,323.7
10542305261,12/01/2024 08:14,Morning Ride,Ride,4498,19,FALSE,activities/11280288814.fit.gz,4498,4402,19000.1,4.316,328.9
10632204865,26/01/2024 08:40,Morning Ride,Ride,6995,26.57,FALSE,activities/11373137356.fit.gz,6995,6875,26572.8,3.865,447
10658839184,30/01/2024 08:15,New Bike!,Ride,4265,16.29,FALSE,activities/11400843230.fit.gz,4265,4171,16296,3.907,268
10679665994,02/02/2024 09:51,Morning Ride,Ride,2224,8.48,FALSE,activities/11422200548.fit.gz,2224,2056,8484.4,4.127,157
10751935599,13/02/2024 08:14,Morning Ride,Ride,3572,11.04,FALSE,activities/11496854814.fit.gz,3572,3173,11045.3,3.481,220
10771735494,16/02/2024 08:11,Morning Ride,Ride,3940,13.59,FALSE,activities/11517219873.fit.gz,3940,3841,13589.1,3.538,315
10799016876,20/02/2024 08:18,Morning Ride,Ride,6400,21.18,FALSE,activities/11545437912.fit.gz,6400,6367,21181.9,3.327,373
10819138554,23/02/2024 08:19,Morning Ride,Ride,3916,11.97,FALSE,activities/11566102284.fit.gz,3916,3863,11977.8,3.101,239
10840031125,26/02/2024 10:46,Morning Ride,Ride,5385,19.98,FALSE,activities/11587791166.fit.gz,5385,5083,19983.5,3.931,439
10879616857,03/03/2024 09:13,Morning Ride,Ride,4774,20.02,FALSE,activities/11628583235.fit.gz,4774,4774,20020.7,4.194,454.5
10896020756,05/03/2024 08:11,Morning Ride,Ride,5035,20.91,FALSE,activities/11651131979.fit.gz,5035,5035,20918.4,4.155,297.4
10915010157,08/03/2024 07:53,Morning Ride,Ride,5908,19.27,FALSE,activities/11671324837.fit.gz,5908,5822,19273.6,3.31,318
10942715012,12/03/2024 11:05,Lunch Ride,Ride,4383,17.24,FALSE,activities/11700182769.fit.gz,4383,4318,17247.3,3.994,419.7
10969915649,16/03/2024 08:03,Morning Ride,Ride,4655,18.47,FALSE,activities/11728282437.fit.gz,4655,4655,18469.7,3.968,433.4
10991342863,19/03/2024 08:08,Morning Ride,Ride,5304,20.03,FALSE,activities/11750929758.fit.gz,5304,5304,20038.2,3.778,408
11013115305,22/03/2024 08:24,Morning Ride,Ride,4350,17.24,FALSE,activities/11773330980.fit.gz,4350,4227,17239.9,4.079,300.9
11040080202,26/03/2024 08:04,Morning Ride,Ride,4472,20.91,FALSE,activities/11801132972.fit.gz,4472,4472,20913.5,4.677,382.1
11060169899,29/03/2024 08:14,Morning Ride,Ride,5293,19.16,FALSE,activities/11822386759.fit.gz,5293,5276,19168.8,3.633,512
11088897744,02/04/2024 07:29,Morning Ride,Ride,4843,18.87,FALSE,activities/11853402788.fit.gz,4843,4820,18876,3.916,484.1
11110121044,05/04/2024 07:10,Morning Ride,Ride,5603,24.19,FALSE,activities/11875334625.fit.gz,5603,5543,24195.5,4.365,452.4
11137440596,08/04/2024 07:45,Mr Mechanic modelled,Ride,3600,12.89,FALSE,activities/11903613263.gpx.gz,3600,3600,12890.3,3.581,367.2
11147671164,10/04/2024 07:45,Morning Ride,Ride,1759,8.74,FALSE,activities/11914077266.fit.gz,1759,1759,8742.5,4.97,66.5
11162592130,12/04/2024 07:30,Morning Ride,Ride,3545,15.34,FALSE,activities/11929385421.fit.gz,3545,3545,15348.4,4.33,345.4
11244404593,23/04/2024 07:27,Morning Ride,Ride,6776,24.45,FALSE,activities/12013616620.fit.gz,6776,6690,24458.3,3.656,547.3
11266957975,26/04/2024 07:37,Morning Ride,Ride,8571,24.22,FALSE,activities/12037001342.fit.gz,8571,8540,24220.8,2.836,623.6
11297185683,30/04/2024 07:25,Morning Ride,Ride,9415,27.14,FALSE,activities/12068136095.fit.gz,9415,9217,27147.5,2.945,674.8
11321128364,03/05/2024 08:33,Morning Ride,Ride,5027,15.16,FALSE,activities/12092736642.fit.gz,5027,4936,15163.5,3.072,439.1
11429561916,17/05/2024 06:49,Morning Ride,Ride,2293,8.78,FALSE,activities/12204281284.fit.gz,2293,2274,8783.2,3.862,169
11461762066,21/05/2024 07:28,Morning Ride,Ride,8681,21.19,FALSE,activities/12237526844.fit.gz,8681,8260,21193.5,2.566,549.7
11484487571,24/05/2024 07:21,Morning Ride,Ride,3126,9.19,FALSE,activities/12260870900.fit.gz,3126,3033,9197.5,3.032,270.8
11515180786,28/05/2024 07:34,Morning Ride,Ride,7453,19.2,FALSE,activities/12292569610.fit.gz,7453,7326,19207.4,2.622,407.8
11538444866,31/05/2024 07:45,Morning Ride,Ride,2415,4.83,FALSE,activities/12316527437.fit.gz,2415,2301,4838.4,2.103,191.7
11550771970,01/06/2024 00:00,Crow Hill ride part 2,Ride,2746,15.25,FALSE,activities/12329224338.gpx.gz,2746,2746,15250.6,5.554,273.1
11578617377,05/06/2024 09:03,Morning Ride,Ride,7443,18.46,FALSE,activities/12357902733.fit.gz,7443,7245,18465.4,2.549,623.6
11602014721,08/06/2024 08:08,Morning Ride,Ride,8086,19.89,FALSE,activities/12381915067.fit.gz,8086,7831,19898,2.541,569.5
11617743774,10/06/2024 07:40,Morning Ride,Ride,8903,27.1,FALSE,activities/12398176899.fit.gz,8903,8702,27101.1,3.114,642.5
11672181727,17/06/2024 08:31,Morning Ride,Ride,8553,22.67,FALSE,activities/12454221263.fit.gz,8553,8284,22675.7,2.737,621.4
11703531265,21/06/2024 07:00,Morning Ride,Ride,10687,28.74,FALSE,activities/12486462722.fit.gz,10687,10421,28742.3,2.758,657.8
11868185066,12/07/2024 06:56,Morning Ride,Ride,4072,18.02,FALSE,activities/12656293987.fit.gz,4072,4048,18025.6,4.453,239.6
11908249166,17/07/2024 06:42,Morning Ride,Ride,3794,16.26,FALSE,activities/12697805888.fit.gz,3794,3794,16264.5,4.287,347.2
11925638442,19/07/2024 07:18,Morning Ride,Ride,4524,11.25,FALSE,activities/12715827672.fit.gz,4524,3585,11258.6,3.14,253.9
11958161151,23/07/2024 07:28,Morning Ride,Ride,4226,16.3,FALSE,activities/12749650048.fit.gz,4226,3890,16302,4.191,279
12279098543,30/08/2024 07:40,Morning Ride,Ride,1258,7.31,FALSE,activities/13089824864.fit.gz,1258,1258,7312.4,5.813,31.1
12312560106,03/09/2024 07:16,Morning Ride,Ride,1323,5.55,FALSE,activities/13125826800.fit.gz,1323,1253,5552.6,4.431,52.1
12321952044,04/09/2024 07:12,Morning Ride,Ride,3731,15.78,FALSE,activities/13136269367.fit.gz,3731,3664,15785.9,4.308,330.3
12339033458,06/09/2024 07:11,Morning Ride,Ride,4864,19.45,FALSE,activities/13155121864.fit.gz,4864,4791,19454.2,4.061,369.3
12456864402,20/09/2024 07:16,Morning Ride,Ride,4759,17.62,FALSE,activities/13281232055.fit.gz,4759,4732,17623.6,3.724,346.6
12476036836,22/09/2024 08:55,Morning Ride,Ride,16645,48.91,FALSE,activities/13301758118.fit.gz,16645,15767,48913.3,3.102,816.6
12514146719,27/09/2024 07:06,Morning Ride,Ride,4903,17.52,FALSE,activities/13342389759.fit.gz,4903,4883,17520.6,3.588,437.7
12546745130,01/10/2024 07:12,Morning Ride,Ride,4781,18.88,FALSE,activities/13377269165.fit.gz,4781,4731,18885,3.992,347.6
12570638473,04/10/2024 07:08,Morning Ride,Ride,6021,24.69,FALSE,activities/13402777187.fit.gz,6021,5994,24696,4.12,342
12603560120,08/10/2024 07:05,Morning Ride,Ride,5147,23.18,FALSE,activities/13437234284.fit.gz,5147,5105,23184.7,4.542,399.5
12627311154,11/10/2024 07:11,Morning Ride,Ride,4909,19.34,FALSE,activities/13462572337.fit.gz,4909,4884,19343.3,3.961,270.6
12882246434,12/11/2024 09:18,Morning Ride,Ride,3665,20.35,FALSE,activities/13736810254.fit.gz,3665,3587,20358.7,5.676,110.7
12897889975,14/11/2024 09:29,Morning Ride,Ride,3779,19.55,FALSE,activities/13753565503.fit.gz,3779,3658,19557.8,5.347,73
13007585001,29/11/2024 08:17,Morning Ride,Ride,3641,17.65,FALSE,activities/13870899403.fit.gz,3641,3600,17653.8,4.904,213
13036933702,03/12/2024 08:13,Morning Ride,Ride,4761,18.76,FALSE,activities/13902430364.fit.gz,4761,4689,18759.7,4.001,347
13086485820,10/12/2024 08:14,Morning Ride,Ride,3635,17.05,FALSE,activities/13955321756.fit.gz,3635,3597,17055.1,4.741,226
13105488086,13/12/2024 08:18,Morning Ride,Ride,4261,17.49,FALSE,activities/13975635356.fit.gz,4261,4246,17498.3,4.121,318
13140641784,17/12/2024 08:14,Morning Ride,Ride,4562,17.2,FALSE,activities/14013303503.fit.gz,4562,4463,17202.6,3.854,310.4
13153766955,20/12/2024 08:13,Morning Ride,Ride,4750,18.08,FALSE,activities/14027413555.fit.gz,4750,4705,18085.5,3.844,296.8
13360265721,15/01/2025 09:28,1001,Ride,6340,25.59,FALSE,activities/14249699982.fit.gz,6340,6269,25592.6,4.082,411
13377076468,17/01/2025 08:13,1002,Ride,4427,18.72,FALSE,activities/14267721718.fit.gz,4427,4392,18728,4.264,278
13412146890,21/01/2025 08:13,1003,Ride,4795,18.53,FALSE,activities/14305723196.fit.gz,4795,4775,18535,3.882,278
13526666351,03/02/2025 09:07,1004,Ride,6672,24.45,FALSE,activities/14430366314.fit.gz,6672,6600,24453.1,3.705,425.6
13562696688,07/02/2025 08:20,1005,Ride,6622,25.62,FALSE,activities/14469724783.fit.gz,6622,6496,25627.1,3.945,390
13607153218,12/02/2025 09:17,1006,Ride,6568,24.31,FALSE,activities/14518443092.fit.gz,6568,6443,24313.8,3.774,504
13658704809,18/02/2025 08:16,1007,Ride,7564,26.83,FALSE,activities/14574952773.fit.gz,7564,7431,26834.6,3.611,635.2
13721634160,25/02/2025 08:21,1008,Ride,8568,34.5,FALSE,activities/14643606258.fit.gz,8568,8455,34506.6,4.081,434.7
13739954241,27/02/2025 09:07,1009,Ride,2912,15.14,FALSE,activities/14663464180.fit.gz,2912,2912,15144.9,5.201,33.8
13784770022,04/03/2025 08:16,1010,Ride,8696,32.62,FALSE,activities/14712228612.fit.gz,8696,8499,32628.8,3.839,705.7
13803359121,06/03/2025 09:03,1011,Ride,3341,11.2,FALSE,activities/14732290203.fit.gz,3341,3039,11205.8,3.687,219.1
13917767399,11/03/2025 08:15,1012,Ride,8275,33.36,FALSE,activities/14783433483.fit.gz,8275,8131,33364,4.103,612
13878516524,14/03/2025 08:13,1013,Ride,5312,20.15,FALSE,activities/14813005110.fit.gz,5312,5041,20153,3.998,286.6
13914399935,18/03/2025 08:11,1014,Ride,5519,20.82,FALSE,activities/14852047199.fit.gz,5519,5519,20822,3.773,355
13980333756,25/03/2025 08:12,1015,Ride,4624,20.68,FALSE,activities/14923131702.fit.gz,4624,4581,20679.1,4.514,310.3
14011025066,28/03/2025 11:07,1016,Ride,8542,40.94,FALSE,activities/14955989757.fit.gz,8542,8412,40945.7,4.868,245.2
14045983519,01/04/2025 07:06,1017,Ride,5846,21.97,FALSE,activities/14993618139.fit.gz,5846,5802,21970.8,3.787,436
14085062859,05/04/2025 07:21,1018,Ride,6163,24.44,FALSE,activities/15034851713.gpx.gz,6163,5332,24439.2,4.583,570.4
14114200834,08/04/2025 07:06,1019,Ride,7552,28.47,FALSE,activities/15065381883.fit.gz,7552,7427,28477.4,3.834,629
14143774904,11/04/2025 07:12,1020,Ride,5682,22.66,FALSE,activities/15096181541.fit.gz,5682,5473,22667.4,4.142,339.2
14181931835,15/04/2025 07:07,1021,Ride,5430,19.99,FALSE,activities/15136161209.fit.gz,5430,5361,19997.7,3.73,467.2
14211013170,18/04/2025 07:07,1022,Ride,8744,32.28,FALSE,activities/15166457837.fit.gz,8744,8556,32281.7,3.773,655.9
14249542420,22/04/2025 07:08,1023,Ride,5361,21.99,FALSE,activities/15206853842.fit.gz,5361,5262,21990.5,4.179,408.9
14270626047,24/04/2025 07:03,1024,Ride,10006,41.54,FALSE,activities/15228831249.fit.gz,10006,9877,41543.6,4.206,724.3
14319608728,29/04/2025 07:06,1025,Ride,6154,24.83,FALSE,activities/15280137035.fit.gz,6154,6111,24835.9,4.064,484
14351787284,02/05/2025 06:43,1026,Ride,5550,21.52,FALSE,activities/15313772554.fit.gz,5550,5491,21527,3.92,467.9
14392333511,06/05/2025 07:06,1027,Ride,6436,25.79,FALSE,activities/15356452631.fit.gz,6436,6331,25790.8,4.074,585
14496004630,16/05/2025 06:46,1028,Ride,4992,20.46,FALSE,activities/15465991673.fit.gz,4992,4992,20464.3,4.099,402
14536999106,20/05/2025 07:10,1029,Ride,5929,22.37,FALSE,activities/15511533576.fit.gz,5929,5753,22369.6,3.888,511.5
14568881983,23/05/2025 07:22,1030,Ride,12888,45.64,FALSE,activities/15545703881.fit.gz,12888,12691,45640.4,3.596,786.1
14607964742,27/05/2025 06:45,1031,Ride,5954,22.26,FALSE,activities/15587893019.fit.gz,5954,5087,22264.3,4.377,451
14648316987,31/05/2025 07:07,1032,Ride,3460,14.17,FALSE,activities/15631222307.fit.gz,3460,3443,14172.3,4.116,359.1
14692871965,04/06/2025 09:31,1033,Ride,7308,32.92,FALSE,activities/15679108165.fit.gz,7308,7291,32920.9,4.515,673.9
14711701143,06/06/2025 07:08,1034,Ride,4286,18.48,FALSE,activities/15699344746.fit.gz,4286,4286,18483.5,4.313,324.9
14752867057,10/06/2025 07:19,1035,Ride,8948,34.94,FALSE,activities/15743866636.fit.gz,8948,8870,34944.5,3.94,740
14784494926,13/06/2025 07:36,1036,Ride,3499,16.26,FALSE,activities/15777976381.fit.gz,3499,3463,16267.7,4.698,327
14826206709,17/06/2025 07:31,1037,Ride,12200,49.17,FALSE,activities/15823207760.fit.gz,12200,11814,49171,4.162,738
14857537881,20/06/2025 07:04,1038,Ride,3618,16.21,FALSE,activities/15857046023.fit.gz,3618,3618,16211.1,4.481,377
14898158707,24/06/2025 07:10,1039,Ride,4160,16.97,FALSE,activities/15901245872.fit.gz,4160,4127,16974.6,4.113,176
15043221957,08/07/2025 07:19,1040,Ride,3887,13.94,FALSE,activities/16060582113.fit.gz,3887,3869,13946,3.605,213
15195087190,22/07/2025 07:08,1041,Ride,5108,21.44,FALSE,activities/16226990868.fit.gz,5108,4906,21446.4,4.334,321
15229113377,25/07/2025 07:11,1042,Ride,6139,25.08,FALSE,activities/16263386062.fit.gz,6139,5895,25083.3,4.208,531
15271832813,29/07/2025 07:19,1043,Ride,5786,25.01,FALSE,activities/16309144131.fit.gz,5786,5642,25016.8,4.421,390
15385500021,08/08/2025 07:13,1044,Ride,5317,23.06,FALSE,activities/16430594003.fit.gz,5317,5171,23060.6,4.46,325
15429626075,12/08/2025 06:24,1045,Ride,5391,24.49,FALSE,activities/16477789844.fit.gz,5391,5344,24490.1,4.583,469
15442963318,13/08/2025 09:55,1046,Ride,1587,7.93,FALSE,activities/16492022111.fit.gz,1587,1570,7931.8,5.052,42
15464666852,15/08/2025 07:07,1047,Ride,5009,18.11,FALSE,activities/16515198514.fit.gz,5009,4547,18112.3,3.983,427
15510038174,19/08/2025 07:04,1048,Ride,8311,32.22,FALSE,activities/16563761980.fit.gz,8311,8281,32219.6,3.891,620
15544081716,22/08/2025 06:57,1049,Ride,4092,17.4,FALSE,activities/16600559085.fit.gz,4092,4045,17400.7,4.302,300
15644880458,31/08/2025 06:55,1050,Ride,4426,18.15,FALSE,activities/16710175882.fit.gz,4426,4403,18157.8,4.124,414.5
15667994708,02/09/2025 07:06,1051,Ride,5446,21.81,FALSE,activities/16735548623.fit.gz,5446,5263,21814.5,4.145,300.8
15793521729,13/09/2025 07:00,1052,Ride,3500,16.74,FALSE,activities/16869718734.fit.gz,3500,3500,16741.4,4.783,259.1
15862402974,19/09/2025 07:12,1053,Ride,4627,18.17,FALSE,activities/16941004647.fit.gz,4627,4408,18174.5,4.123,275
15907024785,23/09/2025 07:24,1054,Ride,5938,22.7,FALSE,activities/16986867476.fit.gz,5938,5907,22703.2,3.843,461
15939976474,26/09/2025 07:11,1055,Ride,4393,16.8,FALSE,activities/17020593588.fit.gz,4393,4357,16804.4,3.857,338.8
15984436569,30/09/2025 07:06,1056,Ride,9616,35.36,FALSE,activities/17065991043.fit.gz,9616,9581,35365.2,3.691,696.1
16017705678,03/10/2025 07:16,1057,Ride,4369,19.33,FALSE,activities/17099669927.fit.gz,4369,4369,19331.3,4.425,326.8
16060881631,07/10/2025 07:25,1058,Ride,9157,29.45,FALSE,activities/17143433074.fit.gz,9157,8896,29457,3.311,794.8
16071493135,08/10/2025 06:48,1059,Ride,1595,8.08,FALSE,activities/17154139489.fit.gz,1595,1568,8084.2,5.156,41.4
16146189365,15/10/2025 07:08,1060,Ride,4004,16.76,FALSE,activities/17229644394.fit.gz,4004,3953,16760.5,4.24,355.5
16167613262,17/10/2025 07:07,1061,Ride,5458,21.12,FALSE,activities/17251256362.fit.gz,5458,5151,21128.4,4.102,330.4
16209515832,21/10/2025 07:15,1062,Ride,5404,22.47,FALSE,activities/17293578180.fit.gz,5404,5224,22469.8,4.301,347.7
16239515960,24/10/2025 07:47,1063,Ride,4037,16.15,FALSE,activities/17323748315.fit.gz,4037,4019,16151.1,4.019,342.3
16278965041,28/10/2025 07:42,1064,Ride,3661,14.22,FALSE,activities/17363656425.fit.gz,3661,3661,14222.2,3.885,279.4
16310348531,31/10/2025 08:32,1065,Ride,7434,24.8,FALSE,activities/17395290491.fit.gz,7434,7378,24800.8,3.361,606.6
16362098981,05/11/2025 09:41,1066,Ride,6402,24.59,FALSE,activities/17447762081.fit.gz,6402,6321,24595.3,3.891,487.5
16387548883,07/11/2025 08:12,1067,Ride,3578,14.31,FALSE,activities/17473364821.gpx.gz,3578,3578,14318.8,4.002,363.8
16444545027,13/11/2025 09:30,1068,Ride,7129,24.48,FALSE,activities/17530834941.fit.gz,7129,7129,24487.1,3.435,582
16492449420,18/11/2025 08:14,1069,Ride,3807,14.15,FALSE,activities/17579171357.fit.gz,3807,3771,14156.8,3.754,142
16559990925,25/11/2025 08:14,1070,Ride,5260,17.64,FALSE,activities/17647472885.fit.gz,5260,5162,17643.8,3.418,365
16589488075,28/11/2025 08:12,1071,Ride,5196,19.58,FALSE,activities/17677482835.fit.gz,5196,5095,19587.9,3.845,430
16626786197,02/12/2025 08:32,1072,Ride,6558,23.89,FALSE,activities/17715472526.fit.gz,6558,6541,23895.2,3.653,549
